{
  "bleu_1": 0.233936,
  "bleu_2": 0.135649,
  "bleu_3": 0.081519,
  "bleu_4": 0.0513,
  "rouge_l": 0.209822
}