{
  "bleu_1": 0.466462,
  "bleu_2": 0.321905,
  "bleu_3": 0.236257,
  "bleu_4": 0.180294,
  "rouge_l": 0.376459
}