{
  "bleu_1": 0.457703,
  "bleu_2": 0.3197,
  "bleu_3": 0.237431,
  "bleu_4": 0.183604,
  "rouge_l": 0.372812,
  "meteor": 0.209366,
  "cider": 0.420932
}