{
  "bleu_1": 0.466005,
  "bleu_2": 0.318358,
  "bleu_3": 0.232374,
  "bleu_4": 0.177303,
  "rouge_l": 0.372822,
  "meteor": 0.197922,
  "cider": 0.458369
}